Geoffrey Clauzier -> gclauzier
Christophe Gaillard -> altivar
Clément Janisset -> janisse
Arnaud Moncel -> twins43
Guillaume Pascal -> gupascal
Alexandre Raberin -> kernelith
Elodie Estivale -> elestival
Volodia Mandaud -> dcvolo
Thibaut Grandclement -> splachhh
Romain Seyer -> jeyh
Thibault Bertrand -> purpl3fox
Gregory Gounon -> gounon
Alexis Masclaux -> xenoheart
Bastien Mogeot -> bart182man
Léo Solvignon -> naralo
Damien Valla -> vallux